filename,point_id_a,point_id_b
cju0qx73cjw570799j4n5cjze.png,1,2
cju0roawvklrq0799vmjorwfv.png,1,2
cju0roawvklrq0799vmjorwfv.png,1,3
cju0roawvklrq0799vmjorwfv.png,1,4
cju0roawvklrq0799vmjorwfv.png,2,3
cju0roawvklrq0799vmjorwfv.png,2,4
cju0s690hkp960855tjuaqvv0.png,1,2
cju0s690hkp960855tjuaqvv0.png,3,4
cju0ue769mxii08019zqgdbxn.png,2,3
cju0vtox5ain6099360pu62rp.png,4,5
cju13hp5rnbjx0835bf0jowgx.png,2,3
cju13hp5rnbjx0835bf0jowgx.png,2,4
cju14g8o4xui30878gkgbrvqj.png,1,3
cju14g8o4xui30878gkgbrvqj.png,2,3
cju15czxqp3lv0835jvhgzurz.png,1,2
cju15czxqp3lv0835jvhgzurz.png,1,3
cju15l5ubz9yh0855b3ivdpse.png,1,2
cju15l5ubz9yh0855b3ivdpse.png,1,3
cju160wshltz10993i1gmqxbe.png,2,3
cju16ach3m1da0993r1dq3sn2.png,1,2
cju16ach3m1da0993r1dq3sn2.png,1,4
cju16ach3m1da0993r1dq3sn2.png,2,4
cju16b6ynq8e40988m8vx0xnj.png,1,3
cju16b6ynq8e40988m8vx0xnj.png,2,3
cju16b6ynq8e40988m8vx0xnj.png,2,4
cju16d65tzw9d0799ouslsw25.png,1,2
cju16d65tzw9d0799ouslsw25.png,1,3
cju16fpvhzypl0799p9phnlx6.png,1,2
cju16fpvhzypl0799p9phnlx6.png,1,3
cju16fpvhzypl0799p9phnlx6.png,1,4
cju16fpvhzypl0799p9phnlx6.png,2,3
cju16fpvhzypl0799p9phnlx6.png,2,4
cju16jgnyzp970878melv7r25.png,1,2
cju16jgnyzp970878melv7r25.png,1,3
cju175facms5f0993a5tjikvt.png,4,5
cju18849rrsgr0988p90hkygb.png,2,3
cju1amqw6p8pw0993d9gc5crl.png,1,2
cju1b0y2e396p08558ois175d.png,1,2
cju1b0y2e396p08558ois175d.png,1,3
cju1b0y2e396p08558ois175d.png,1,4
cju1b0y2e396p08558ois175d.png,1,5
cju1b0y2e396p08558ois175d.png,2,3
cju1b0y2e396p08558ois175d.png,2,4
cju1b0y2e396p08558ois175d.png,2,5
cju1b0y2e396p08558ois175d.png,4,5
cju1b75x63ddl0799sdp0i2j3.png,2,3
cju1c0qb4tzi308355wtsnp0y.png,1,2
cju1c3218411b08014g9f6gig.png,2,3
cju1c3218411b08014g9f6gig.png,2,4
cju1c6yfz42md08550zgoz3pw.png,1,2
cju1c8ffau5770835g0g343o8.png,1,3
cju1c8ffau5770835g0g343o8.png,1,4
cju1c8ffau5770835g0g343o8.png,2,3
cju1c8ffau5770835g0g343o8.png,2,4
cju1cbokpuiw70988j4lq1fpi.png,1,2
cju1cbokpuiw70988j4lq1fpi.png,1,3
cju1cbokpuiw70988j4lq1fpi.png,2,3
cju1cdxvz48hw0801i0fjwcnk.png,3,5
cju1cdxvz48hw0801i0fjwcnk.png,4,5
cju1cfhyg48bb0799cl5pr2jh.png,1,2
cju1cfhyg48bb0799cl5pr2jh.png,3,4
cju1cfhyg48bb0799cl5pr2jh.png,3,5
cju1cqc7n4gpy0855jt246k68.png,1,2
cju1cqc7n4gpy0855jt246k68.png,4,5
cju1csmlc4ht10799b8ymmghg.png,1,2
cju1csmlc4ht10799b8ymmghg.png,1,3
cju1cu1u2474n0878tt7v4tdr.png,1,2
cju1cu1u2474n0878tt7v4tdr.png,1,3
cju1cvkfwqrec0993wbp1jlzm.png,2,3
cju1cyjb5qtie0993njqne9m3.png,1,2
cju1d31sp4d4k0878r3fr02ul.png,1,2
cju1d31sp4d4k0878r3fr02ul.png,4,5
cju1d50a94qf50855wsowacrc.png,1,2
cju1d96gsv62d09881b3wecw2.png,1,2
cju1d96gsv62d09881b3wecw2.png,1,3
cju1d96gsv62d09881b3wecw2.png,1,4
cju1ddr6p4k5z08780uuuzit2.png,2,3
cju1ddr6p4k5z08780uuuzit2.png,4,5
cju1dfeupuzlw0835gnxip369.png,2,3
cju1dhfok4mhe0878jlgrag0h.png,1,2
cju1dia8hvc6v098827mgffnm.png,1,2
cju1dia8hvc6v098827mgffnm.png,1,3
cju1dia8hvc6v098827mgffnm.png,1,4
cju1dia8hvc6v098827mgffnm.png,2,3
cju1dia8hvc6v098827mgffnm.png,2,4
cju1dnz61vfp40988e78bkjga.png,1,2
cju1dnz61vfp40988e78bkjga.png,1,3
cju1dnz61vfp40988e78bkjga.png,1,4
cju1dnz61vfp40988e78bkjga.png,1,5
cju1efbr0rqxz09931z0lf4vf.png,3,4
cju1ejj7dvqfa0835ra184v5m.png,1,2
cju1ejj7dvqfa0835ra184v5m.png,3,4
cju1erep75us208553i4ofwwe.png,4,5
cju1euant5l960878iqj5vvto.png,2,3
cju1euant5l960878iqj5vvto.png,2,4
cju1euant5l960878iqj5vvto.png,2,5
cju1expq45zst0855rjqwwj4m.png,1,2
cju1expq45zst0855rjqwwj4m.png,1,3
cju1expq45zst0855rjqwwj4m.png,1,4
cju1expq45zst0855rjqwwj4m.png,1,5
cju1expq45zst0855rjqwwj4m.png,2,3
cju1expq45zst0855rjqwwj4m.png,2,4
cju1expq45zst0855rjqwwj4m.png,2,5
cju1expq45zst0855rjqwwj4m.png,3,4
cju1expq45zst0855rjqwwj4m.png,3,5
cju1expq45zst0855rjqwwj4m.png,4,5
cju1f5x1164xv08555654c24r.png,2,3
cju1f79yhsb5w0993txub59ol.png,2,3
cju1f8w0t65en0799m9oacq0q.png,1,2
cju1f8w0t65en0799m9oacq0q.png,1,3
cju1f8w0t65en0799m9oacq0q.png,1,4
cju1fb9236a110801yvg0fwju.png,4,5
cju1fj6axwfp30835ukhuzhw9.png,1,2
cju1fj6axwfp30835ukhuzhw9.png,1,3
cju1fj6axwfp30835ukhuzhw9.png,1,4
cju1fj6axwfp30835ukhuzhw9.png,3,4
cju1fjsb4sipq09931lvd8e41.png,3,4
cju1fmsyf6gxb0801cimx2gle.png,1,2
cju1fmsyf6gxb0801cimx2gle.png,1,3
cju1fmsyf6gxb0801cimx2gle.png,2,3
cju1g4nsb6ngy0799l4ezm8ab.png,2,3
cju1g4nsb6ngy0799l4ezm8ab.png,2,4
cju1gkndf6yi10801o1qnje19.png,1,2
cju1gv7106qd008784gk603mg.png,1,2
cju1h89h6xbnx08352k2790o9.png,1,2
cju1h89h6xbnx08352k2790o9.png,1,3
cju1hhj6mxfp90835n3wofrap.png,1,2
cju1hirfi7ekp0855q0vgm9qq.png,2,3
cju1hmff8tkp809931jps6fbr.png,3,4
cju1hp9i2xu8e0988u2dazk7m.png,1,2
cju1hs0za7jha0855vj0mdrjt.png,4,5
cju2hdr06v2bq0799mbm3bks1.png,2,3
cju2hdr06v2bq0799mbm3bks1.png,4,5
cju2hjrqcvi2j0801bx1i6gxg.png,1,2
cju2hjrqcvi2j0801bx1i6gxg.png,1,3
cju2hjrqcvi2j0801bx1i6gxg.png,1,4
cju2hjrqcvi2j0801bx1i6gxg.png,1,5
cju2hlm19vjjf0801o69qnber.png,3,4
cju2hugv9vget0799hhk7ksvg.png,2,3
cju2hw5gjlr5h0988so2qqres.png,1,2
cju2hw5gjlr5h0988so2qqres.png,1,3
cju2hw5gjlr5h0988so2qqres.png,1,4
cju2hx006vidl0799igm81vmh.png,1,2
cju2hx006vidl0799igm81vmh.png,1,3
cju2hx006vidl0799igm81vmh.png,1,4
cju2hx006vidl0799igm81vmh.png,2,3
cju2hx006vidl0799igm81vmh.png,2,4
cju2hx006vidl0799igm81vmh.png,3,4
cju2i03ptvkiu0799xbbd4det.png,1,2
cju2i3hzclw3o0988rrgh911i.png,2,4
cju2i3hzclw3o0988rrgh911i.png,3,4
cju2i8br1vqtd08784u6vmcjk.png,1,2
cju2i8br1vqtd08784u6vmcjk.png,1,3
cju2i8br1vqtd08784u6vmcjk.png,1,4
cju2i8br1vqtd08784u6vmcjk.png,2,3
cju2i8br1vqtd08784u6vmcjk.png,2,4
cju2iatlki5u309930zmgkv6h.png,1,2
cju2iatlki5u309930zmgkv6h.png,1,3
cju2iatlki5u309930zmgkv6h.png,2,3
cju2igw4gvxds0878808qj398.png,2,4
cju2igw4gvxds0878808qj398.png,3,4
cju2ij9uiic2l09933ljiv6gm.png,2,3
cju2lberzkdzm09938cl40pog.png,3,4
cju2lberzkdzm09938cl40pog.png,3,5
cju2lcyfgkf5809932fn9gucn.png,1,2
cju2lz8vqktne0993fuym6drw.png,1,2
cju2lz8vqktne0993fuym6drw.png,1,3
cju2m71z2ywwv080131bcrsd3.png,1,2
cju2m71z2ywwv080131bcrsd3.png,1,3
cju2ma647l0nj0993ot4deq2q.png,1,2
cju2ma647l0nj0993ot4deq2q.png,1,3
cju2mfjndoz700988b9lc3zeq.png,1,2
cju2mfjndoz700988b9lc3zeq.png,1,3
cju2mfjndoz700988b9lc3zeq.png,2,3
cju2mh8t6p07008350e01tx2a.png,1,2
cju2mh8t6p07008350e01tx2a.png,1,3
cju2nfnvxzdkd0878399axlco.png,4,5
cju2nguelpmlj0835rojdn097.png,2,4
cju2nguelpmlj0835rojdn097.png,3,4
cju2nnqrqzp580855z8mhzgd6.png,2,3
cju2nnqrqzp580855z8mhzgd6.png,2,4
cju2np2k9zi3v079992ypxqkn.png,3,4
cju2nqapmzvk20801f9us40dx.png,1,2
cju2nqapmzvk20801f9us40dx.png,1,3
cju2ntxtdzlvu0799xl3j9pan.png,4,5
cju2oi8sq0i2y0801mektzvw8.png,3,4
cju2okvco06xc0799kxe5n1qh.png,1,2
cju2okvco06xc0799kxe5n1qh.png,1,3
cju2okvco06xc0799kxe5n1qh.png,2,3
cju2omjpeqj5a0988pjdlb8l1.png,1,2
cju2omjpeqj5a0988pjdlb8l1.png,3,4
cju2oo0wh0bqy0878biujeyhe.png,1,3
cju2oo0wh0bqy0878biujeyhe.png,2,3
cju2p4ddkmzxj0993p94o62av.png,1,2
cju2p91qir00k08350ddfif0w.png,2,3
cju2pag1f0s4r0878h52uq83s.png,1,2
cju2phaksnahz0993yxogjcpv.png,3,4
cju2pkwt3r8b90988v2ywq1px.png,1,2
cju2pmhtr17a00855cvpelzb0.png,3,4
cju2qfie4rvz508357kad9z5o.png,2,3
cju2qh5le1ock0878oahaql7d.png,1,2
cju2qozsk20cq0855ugrg3cri.png,1,2
cju2qs32r1vys07999conmbvx.png,1,3
cju2qs32r1vys07999conmbvx.png,2,3
cju2qz06823a40878ojcz9ccx.png,2,3
cju2r11x7sdgx0988o8ule0wl.png,1,2
cju2r11x7sdgx0988o8ule0wl.png,1,3
cju2r11x7sdgx0988o8ule0wl.png,2,3
cju2r2obh2bjm08553kng0rh7.png,3,5
cju2r2obh2bjm08553kng0rh7.png,4,5
cju2r7h21sj9608354gzks3ae.png,1,2
cju2r7h21sj9608354gzks3ae.png,1,3
cju2r7h21sj9608354gzks3ae.png,2,3
cju2raxlosl630988jdbfy9b0.png,2,3
cju2raxlosl630988jdbfy9b0.png,2,4
cju2rga4psq9n09881z519xx0.png,3,4
cju2rlqdnoz9k0993cpjae3x0.png,1,3
cju2rlqdnoz9k0993cpjae3x0.png,2,3
cju2rmd2rsw9g09888hh1efu0.png,1,2
cju2rmd2rsw9g09888hh1efu0.png,1,3
cju2rmd2rsw9g09888hh1efu0.png,1,4
cju2rmd2rsw9g09888hh1efu0.png,2,3
cju2rn0hasxri0835nfy3buay.png,1,2
cju2rn0hasxri0835nfy3buay.png,3,4
cju2ro5jqsy680988pi6qsujw.png,1,2
cju2ro5jqsy680988pi6qsujw.png,1,3
cju2ro5jqsy680988pi6qsujw.png,2,3
cju2rqo702wpx0855fn7d5cxh.png,1,2
cju2rqo702wpx0855fn7d5cxh.png,1,3
cju2rqo702wpx0855fn7d5cxh.png,2,3
cju2rxm8rpbaf0993o3qr2oph.png,4,5
cju2rz4k434s70855wwx3ddtx.png,3,4
cju2rz4k434s70855wwx3ddtx.png,3,5
cju2rzpsmtb0f0835jabkbao1.png,1,2
cju2s16zp317h0799gr67jqc2.png,2,3
cju2s2527pfyr0993l3h1149a.png,3,4
cju2s2527pfyr0993l3h1149a.png,3,5
cju2spdagu1l50835da1f46fr.png,1,2
cju2srvy5440s0801y1ba9akr.png,1,2
cju2sxf3iqbpv09937iksn8ep.png,3,4
cju2t2ivz43i10878zeg8r1br.png,1,2
cju2t2ivz43i10878zeg8r1br.png,1,3
cju2t3ibkuecr0835o7si16zv.png,1,2
cju2t3ibkuecr0835o7si16zv.png,1,3
cju2tjrog4jy30878pawyazqc.png,2,3
cju2top2ruxxy0988p1svx36g.png,3,4
cju2tpfa5uyx408359datxqqj.png,1,2
cju2tpfa5uyx408359datxqqj.png,1,3
cju2tpfa5uyx408359datxqqj.png,1,4
cju2tpfa5uyx408359datxqqj.png,1,5
cju2tpfa5uyx408359datxqqj.png,2,3
cju2tpfa5uyx408359datxqqj.png,2,4
cju2tpfa5uyx408359datxqqj.png,2,5
cju2tpfa5uyx408359datxqqj.png,3,4
cju2tpfa5uyx408359datxqqj.png,3,5
cju2tpfa5uyx408359datxqqj.png,4,5
cju2txjfzv60w098839dcimys.png,1,2
cju2txjfzv60w098839dcimys.png,1,3
cju2u2b9o4zvp08788qb9nqxj.png,3,4
cju2ueb6j5ado0878vf5md13o.png,2,3
cju2ueb6j5ado0878vf5md13o.png,2,4
cju2ueb6j5ado0878vf5md13o.png,2,5
cju303j5r062k098835zxfds5.png,3,4
cju30525w04r10835ygp257sb.png,1,2
cju30525w04r10835ygp257sb.png,1,3
cju30525w04r10835ygp257sb.png,2,3
cju306x7w05nb0835cunv799x.png,1,2
cju306x7w05nb0835cunv799x.png,1,3
cju306x7w05nb0835cunv799x.png,1,4
cju306x7w05nb0835cunv799x.png,1,5
cju306x7w05nb0835cunv799x.png,2,3
cju306x7w05nb0835cunv799x.png,2,4
cju310f6val1v0855xo8tc3gu.png,1,2
cju310f6val1v0855xo8tc3gu.png,1,3
cju310f6val1v0855xo8tc3gu.png,1,4
cju324q101fhe08350wae9cif.png,3,4
cju3280wv1ir009882jze27tc.png,1,2
cju3280wv1ir009882jze27tc.png,1,3
cju3280wv1ir009882jze27tc.png,2,3
cju32qr9tbvsj08013pkpjenq.png,1,2
cju32qr9tbvsj08013pkpjenq.png,1,3
cju32qr9tbvsj08013pkpjenq.png,1,4
cju33231uy4gi0993qc7b1jch.png,2,3
cju33231uy4gi0993qc7b1jch.png,2,4
cju33231uy4gi0993qc7b1jch.png,3,4
cju336l68y7if0993wf092166.png,1,2
cju33jon3ygbj0993pu22a4k6.png,2,3
cju33mirdc8mj0799k33wzoes.png,1,2
cju33o12x2jm50988944mxq0v.png,2,4
cju33o12x2jm50988944mxq0v.png,3,4
cju3521y5d5mq0878t3ezsu4p.png,2,3
cju353d1eda8c07992afde611.png,1,2
cju353d1eda8c07992afde611.png,1,3
cju353d1eda8c07992afde611.png,1,4
cju358pwtdby20878cg7nm0np.png,4,5
cju422cm8lfxn0818ojicxejb.png,1,2
cju424hy5lckr085073fva1ok.png,1,2
cju428k5fldt108177s6g6f45.png,3,4
cju430pm2lz0y0755jkhcc3d1.png,2,3
cju772304yw5t0818vbw8kkjf.png,1,2
cju7787c5yy3l080159mwqsnj.png,1,2
cju787jnjzjuj0871p94nck9g.png,3,4
cju7dqcwi2dz00850gcmr2ert.png,1,3
cju7dqcwi2dz00850gcmr2ert.png,2,3
cju7dtb1e2j0t0818deq51ib3.png,1,2
cju7dtb1e2j0t0818deq51ib3.png,1,3
cju7dtb1e2j0t0818deq51ib3.png,1,4
cju7dtb1e2j0t0818deq51ib3.png,2,3
cju7dtb1e2j0t0818deq51ib3.png,2,4
cju7dtb1e2j0t0818deq51ib3.png,3,4
cju7dymur2od30755eg8yv2ht.png,1,2
cju7dymur2od30755eg8yv2ht.png,1,3
cju7dymur2od30755eg8yv2ht.png,2,3
cju7dz5yy2i7z0801ausi7rna.png,1,2
cju7ea4om2l910801bohqjccy.png,1,2
cju7ea4om2l910801bohqjccy.png,1,3
cju7ea4om2l910801bohqjccy.png,2,3
cju7ecl9i2i060987xawjp4l0.png,1,2
cju7ecl9i2i060987xawjp4l0.png,1,3
cju7efffp2ivf0817etg3jehl.png,3,4
cju7efffp2ivf0817etg3jehl.png,3,5
cju8402x1kcy70801t6kz6bdi.png,1,2
cju8402x1kcy70801t6kz6bdi.png,1,3
cju8402x1kcy70801t6kz6bdi.png,1,4
cju8402x1kcy70801t6kz6bdi.png,3,4
cju846ec0kj7z08012o10klrb.png,1,2
cju846ec0kj7z08012o10klrb.png,1,3
cju846ec0kj7z08012o10klrb.png,1,4
cju847pxykriq0755268ktrk2.png,1,2
cju847pxykriq0755268ktrk2.png,1,3
cju8567gdlcbq0801dwwyo2jt.png,2,3
cju8567gdlcbq0801dwwyo2jt.png,2,4
cju8567gdlcbq0801dwwyo2jt.png,3,4
cju857ad0l88m0817qx4cwxnf.png,1,2
cju857ad0l88m0817qx4cwxnf.png,1,3
cju857ad0l88m0817qx4cwxnf.png,2,3
cju857ad0l88m0817qx4cwxnf.png,4,5
cju858eswlepn0871pzvdrhj1.png,3,4
cju85qefyln6v0850szeb9byi.png,1,2
cju85qefyln6v0850szeb9byi.png,1,3
cju87kbcen2av0987usezo8kn.png,2,3
cju87kbcen2av0987usezo8kn.png,2,4
cju87kbcen2av0987usezo8kn.png,3,4
cju87li0zn3yb0817kbwgjiz8.png,1,2
cju87mrypnb1e0818scv1mxxg.png,1,2
cju87mrypnb1e0818scv1mxxg.png,1,3
cju87mrypnb1e0818scv1mxxg.png,1,4
cju87mrypnb1e0818scv1mxxg.png,1,5
cju87mrypnb1e0818scv1mxxg.png,2,3
cju87mrypnb1e0818scv1mxxg.png,2,4
cju87nkyrnb970801q84m47yt.png,3,4
cju87vqa0ndwg0850onjdz7ol.png,3,4
cju87z6o6nh73085045bzsx6o.png,2,3
cju887ftknop008177nnjt46y.png,1,4
cju887ftknop008177nnjt46y.png,2,4
cju887ftknop008177nnjt46y.png,3,4
cju888fr7nveu0818r9uwtiit.png,1,2
cju88fpm4o0tl0871w1i6a4ds.png,2,3
cju88k75inzyb0850ccv5x3vk.png,4,5
cju88l66no10s0850rsda7ej1.png,1,2
cju88msmoo3470817m441j4sg.png,2,4
cju88msmoo3470817m441j4sg.png,3,4
cju88nroho44508500129f1nh.png,3,4
cju88trl3ogi208716qvti51b.png,3,4
cju88v2f9oi8w0871hx9auh01.png,2,3
cju88v2f9oi8w0871hx9auh01.png,4,5
cju88z8bson4h0871nnd7fdxo.png,3,4
cju88z8bson4h0871nnd7fdxo.png,3,5
cju8914beokbf0850isxpocrk.png,1,2
cju8914beokbf0850isxpocrk.png,3,4
cju893jmdompz0817xn3g1w4h.png,2,4
cju893jmdompz0817xn3g1w4h.png,3,4
cju89y9h0puti0818i5yw29e6.png,1,2
cju8ceacrsqkr0755hdz145es.png,1,2
cju8ceacrsqkr0755hdz145es.png,1,3
cju8chxndsre008015uisl4si.png,2,3
cju8chxndsre008015uisl4si.png,2,4
cju8clorgsuwn08714toqb7v6.png,3,4
cju8d2q30tfhs0801n7lx77xl.png,3,4
cju8dm2cau2km0818jsv9eeq2.png,2,3
cju8dpa89u6l80818dj6lldh9.png,1,2
cju8dpa89u6l80818dj6lldh9.png,1,3
cjyzjzssvd8pq0838f4nolj5l.png,1,2
cjyzu3reghjya0794w7pwoi50.png,1,3
cjyzu3reghjya0794w7pwoi50.png,2,3
cjyzu9th0qt4r0a46pyl4zik0.png,2,3
cjyzu9th0qt4r0a46pyl4zik0.png,2,4
cjyzufihqquiw0a46jatrbwln.png,2,3
cjyzul1qggwwj07216mhiv5sy.png,3,4
cjz14qsk2wci60794un9ozwmw.png,3,5
ck2bxiswtxuw80838qkisqjwz.png,1,2
